{
  "project": {
    "title": "220kV新能源汇集变电所电气一次部分初步设计",
    "taskbook_group": 5
  },
  "load_35kv": {
    "nominal_voltage_kv": 35.0,
    "group_factor": 0.95,
    "loss_rate": 0.05,
    "gross_active_mw": 270.0,
    "gross_reactive_mvar": 76.18216394380715,
    "gross_apparent_mva": 280.98818474758326,
    "after_simultaneity_active_mw": 256.5,
    "after_simultaneity_reactive_mvar": 72.3730557466168,
    "after_simultaneity_mva": 266.9387755102041,
    "with_losses_active_mw": 269.325,
    "with_losses_reactive_mvar": 75.99170853394764,
    "vector_with_losses_mva": 279.8404820445184,
    "with_losses_mva": 280.28571428571433,
    "alternative_divide_by_one_minus_loss_mva": 280.98818474758326,
    "bus_current_a": 4623.515216938963,
    "items": [
      {
        "name": "wind_farm_A",
        "label_zh": "风电场A",
        "active_power_mw": 80.0,
        "power_factor": 0.95,
        "circuits": 4,
        "base_apparent_mva": 84.21052631578948,
        "base_reactive_mvar": 26.294728414309073,
        "base_per_circuit_mva": 21.05263157894737,
        "base_per_circuit_current_a": 347.27835740729375,
        "design_apparent_mva_with_losses": 88.42105263157896,
        "per_circuit_design_mva": 22.10526315789474,
        "per_circuit_current_a": 364.6422752776585,
        "simultaneity_applied_to_circuit": false
      },
      {
        "name": "wind_farm_B",
        "label_zh": "风电场B",
        "active_power_mw": 60.0,
        "power_factor": 0.95,
        "circuits": 3,
        "base_apparent_mva": 63.15789473684211,
        "base_reactive_mvar": 19.721046310731804,
        "base_per_circuit_mva": 21.05263157894737,
        "base_per_circuit_current_a": 347.27835740729375,
        "design_apparent_mva_with_losses": 66.31578947368422,
        "per_circuit_design_mva": 22.10526315789474,
        "per_circuit_current_a": 364.6422752776585,
        "simultaneity_applied_to_circuit": false
      },
      {
        "name": "pv_plant_A",
        "label_zh": "光伏电站A",
        "active_power_mw": 60.0,
        "power_factor": 0.98,
        "circuits": 2,
        "base_apparent_mva": 61.224489795918366,
        "base_reactive_mvar": 12.183519638040234,
        "base_per_circuit_mva": 30.612244897959183,
        "base_per_circuit_current_a": 504.971080923871,
        "design_apparent_mva_with_losses": 64.28571428571429,
        "per_circuit_design_mva": 32.142857142857146,
        "per_circuit_current_a": 530.2196349700645,
        "simultaneity_applied_to_circuit": false
      },
      {
        "name": "pv_plant_B",
        "label_zh": "光伏电站B",
        "active_power_mw": 40.0,
        "power_factor": 0.98,
        "circuits": 2,
        "base_apparent_mva": 40.816326530612244,
        "base_reactive_mvar": 8.122346425360153,
        "base_per_circuit_mva": 20.408163265306122,
        "base_per_circuit_current_a": 336.64738728258067,
        "design_apparent_mva_with_losses": 42.85714285714286,
        "per_circuit_design_mva": 21.42857142857143,
        "per_circuit_current_a": 353.47975664670975,
        "simultaneity_applied_to_circuit": false
      },
      {
        "name": "energy_storage",
        "label_zh": "储能电站",
        "active_power_mw": 30.0,
        "power_factor": 0.95,
        "circuits": 1,
        "base_apparent_mva": 31.578947368421055,
        "base_reactive_mvar": 9.860523155365902,
        "base_per_circuit_mva": 31.578947368421055,
        "base_per_circuit_current_a": 520.9175361109407,
        "design_apparent_mva_with_losses": 33.15789473684211,
        "per_circuit_design_mva": 33.15789473684211,
        "per_circuit_current_a": 546.9634129164876,
        "simultaneity_applied_to_circuit": false
      }
    ],
    "equal_bus_section_current_a": 2311.7576084694815
  },
  "load_10kv": {
    "nominal_voltage_kv": 10.0,
    "group_factor": 0.8,
    "loss_rate": 0.05,
    "gross_active_mw": 1.7999999999999998,
    "gross_reactive_mvar": 1.0613709156994844,
    "gross_apparent_mva": 2.0915032679738563,
    "after_simultaneity_active_mw": 1.44,
    "after_simultaneity_reactive_mvar": 0.8490967325595875,
    "after_simultaneity_mva": 1.6732026143790852,
    "with_losses_active_mw": 1.512,
    "with_losses_reactive_mvar": 0.891551569187567,
    "vector_with_losses_mva": 1.7552800917576696,
    "with_losses_mva": 1.7568627450980396,
    "alternative_divide_by_one_minus_loss_mva": 1.7612659098727215,
    "bus_current_a": 101.4325178811578,
    "items": [
      {
        "name": "station_service_backup",
        "label_zh": "站用电备用电源",
        "active_power_mw": 0.8,
        "power_factor": 0.85,
        "circuits": 1,
        "base_apparent_mva": 0.9411764705882354,
        "base_reactive_mvar": 0.49579547072248187,
        "base_per_circuit_mva": 0.9411764705882354,
        "base_per_circuit_current_a": 54.33884886490597,
        "design_apparent_mva_with_losses": 0.9882352941176472,
        "per_circuit_design_mva": 0.9882352941176472,
        "per_circuit_current_a": 57.05579130815127,
        "simultaneity_applied_to_circuit": false
      },
      {
        "name": "reactive_compensation_and_cooling",
        "label_zh": "无功补偿及冷却系统",
        "active_power_mw": 0.6,
        "power_factor": 0.85,
        "circuits": 1,
        "base_apparent_mva": 0.7058823529411765,
        "base_reactive_mvar": 0.3718466030418615,
        "base_per_circuit_mva": 0.7058823529411765,
        "base_per_circuit_current_a": 40.75413664867948,
        "design_apparent_mva_with_losses": 0.7411764705882353,
        "per_circuit_design_mva": 0.7411764705882353,
        "per_circuit_current_a": 42.791843481113446,
        "simultaneity_applied_to_circuit": false
      },
      {
        "name": "control_communications_and_monitoring",
        "label_zh": "集控通信及监控系统",
        "active_power_mw": 0.4,
        "power_factor": 0.9,
        "circuits": 1,
        "base_apparent_mva": 0.4444444444444445,
        "base_reactive_mvar": 0.193728841935141,
        "base_per_circuit_mva": 0.4444444444444445,
        "base_per_circuit_current_a": 25.660011963983372,
        "design_apparent_mva_with_losses": 0.46666666666666673,
        "per_circuit_design_mva": 0.46666666666666673,
        "per_circuit_current_a": 26.943012562182542,
        "simultaneity_applied_to_circuit": false
      }
    ]
  },
  "reactive_compensation": {
    "technology": "dynamic_svg",
    "status": "provisional_frozen_for_course_design",
    "target_power_factor": 0.98,
    "basis": {
      "p35_mw": 269.325,
      "q35_mvar": 75.99170853394764,
      "p10_mw": 1.512,
      "q10_mvar": 0.891551569187567,
      "inverter_reactive_headroom_credited": false
    },
    "calculated_required_mvar_35kv_only": 21.302934758694477,
    "calculated_required_mvar_conservative_with_10kv_auxiliary": 21.887461633003433,
    "selected_total_mvar": 24.0,
    "selected_margin_percent": 9.651819852015798,
    "final_conservative_power_factor": 0.9814653697810729,
    "units": [
      {
        "id": "SVG-1",
        "source_section": "10kV-I",
        "rated_mvar": 12,
        "rated_range_mvar": [
          -12,
          12
        ]
      },
      {
        "id": "SVG-2",
        "source_section": "10kV-II",
        "rated_mvar": 12,
        "rated_range_mvar": [
          -12,
          12
        ]
      }
    ],
    "source_transformers": {
      "count": 2,
      "rated_capacity_mva_each": 31.5,
      "voltage_ratio_kv": [
        35,
        10.5
      ],
      "short_circuit_voltage_percent": 8.0,
      "normal_balanced_mva_each": 12.468715686885357,
      "normal_balanced_loading_percent": 39.58322440281066,
      "normal_one_section_with_all_auxiliary_mva": 12.979917020575378,
      "normal_one_section_with_all_auxiliary_loading_percent": 41.20608577960437,
      "n_minus_one_full_absorbing_mva": 24.937431373770714,
      "n_minus_one_full_absorbing_loading_percent": 79.16644880562131,
      "n_minus_one_full_injecting_mva": 23.157861146477185,